INSERT INTO usuarios ( apellido, contrasena, correo, documento_identidad, nombre, rol, telefono
) VALUES
('Pérez', 'password123', 'juan.perez356@example.com', '123456789', 'Juan', 'Paciente', '555-1234'),
('Gómez', 'password123', 'ana.gomez526@example.com', '987654321', 'Ana', 'Paciente', '555-5678'),
('López', 'password123', 'carlos.lopez@example.com', '112233445', 'Carlos', 'Paciente', '555-9101'),
('Fernández', 'password123', 'maria.fernandez@example.com', '223344556', 'María', 'Paciente', '555-1122'),
('Martínez', 'password123', 'pedro.martinez@example.com', '334455667', 'Pedro', 'Paciente', '555-2233'),
('Díaz', 'password123', 'laura.diaz@example.com', '445566778', 'Laura', 'Paciente', '555-3344'),
('Ramírez', 'password123', 'jorge.ramirez@example.com', '556677889', 'Jorge', 'Paciente', '555-4455'),
('Hernández', 'password123', 'sofia.hernandez@example.com', '667788990', 'Sofía', 'Paciente', '555-5566'),
('García', 'password123', 'luis.garcia@example.com', '778899001', 'Luis', 'Paciente', '555-6677'),
('Vásquez', 'password123', 'claudia.vasquez@example.com', '889900112', 'Claudia', 'Paciente', '555-7788'),
('Sánchez', 'password123', 'roberto.sanchez@example.com', '990011223', 'Roberto', 'Paciente', '555-8899'),
('Morales', 'password123', 'patricia.morales@example.com', '101010101', 'Patricia', 'Paciente', '555-9900'),
('Paredes', 'password123', 'raul.paredes@example.com', '202020202', 'Raúl', 'Paciente', '555-1010'),
('Jiménez', 'password123', 'eva.jimenez@example.com', '303030303', 'Eva', 'Paciente', '555-2121'),
('Ruiz', 'password123', 'miguel.ruiz@example.com', '404040404', 'Miguel', 'Paciente', '555-3232'),
('Serrano', 'password123', 'isabel.serrano@example.com', '505050505', 'Isabel', 'Paciente', '555-4343'),
('Torres', 'password123', 'fernando.torres@example.com', '606060606', 'Fernando', 'Paciente', '555-5454'),
('Castro', 'password123', 'gabriela.castro@example.com', '707070707', 'Gabriela', 'Paciente', '555-6565'),
('Moreno', 'password123', 'david.moreno@example.com', '808080808', 'David', 'Paciente', '555-7676'),
('Jiménez', 'password123', 'paula.jimenez@example.com', '909090909', 'Paula', 'Paciente', '555-8787'),
('Rojas', 'newpass456', 'andres.rojas@example.com', '111000111', 'Andrés', 'Administrador', '310-1111'),
('Mendoza', 'newpass456', 'beatriz.mendoza@example.com', '111000222', 'Beatriz', 'Administrador', '310-2222'),
('Castro', 'newpass456', 'camilo.castro@example.com', '111000333', 'Camilo', 'Administrador', '310-3333'),
('Silva', 'newpass456', 'daniela.silva@example.com', '111000444', 'Daniela', 'Administrador', '310-4444'),
('Ortega', 'newpass456', 'esteban.ortega@example.com', '111000555', 'Esteban', 'Administrador', '310-5555'),
('Guerrero', 'newpass456', 'fabiola.guerrero@example.com', '111000666', 'Fabiola', 'Administrador', '311-6666'),
('Navarro', 'newpass456', 'gustavo.navarro@example.com', '111000777', 'Gustavo', 'Administrador', '311-7777'),
('Ríos', 'newpass456', 'helena.rios@example.com', '111000888', 'Helena', 'Administrador', '311-8888'),
('Iglesias', 'newpass456', 'ivan.iglesias@example.com', '111000999', 'Iván', 'Administrador', '311-9999'),
('Benavides', 'newpass456', 'julia.benavides@example.com', '222000111', 'Julia', 'Administrador', '312-1010'),
('Zapata', 'newpass456', 'kevin.zapata@example.com', '222000222', 'Kevin', 'Administrador', '312-2020'),
('Luna', 'newpass456', 'lorena.luna@example.com', '222000333', 'Lorena', 'Administrador', '312-3030'),
('Campos', 'newpass456', 'mateo.campos@example.com', '222000444', 'Mateo', 'Administrador', '312-4040'),
('Salazar', 'newpass456', 'natalia.salazar@example.com', '222000555', 'Natalia', 'Administrador', '312-5050'),
('Osorio', 'newpass456', 'oscar.osorio@example.com', '222000666', 'Óscar', 'Administrador', '313-6060'),
('Pineda', 'newpass456', 'paola.pineda@example.com', '222000777', 'Paola', 'Administrador', '313-7070'),
('Quintana', 'newpass456', 'ricardo.quintana@example.com', '222000888', 'Ricardo', 'Administrador', '313-8080'),
('Herrera', 'newpass456', 'sandra.herrera@example.com', '222000999', 'Sandra', 'Administrador', '313-9090'),
('Fuentes', 'newpass456', 'tomas.fuentes@example.com', '333000111', 'Tomás', 'Administrador', '314-1122'),
('Blanco', 'newpass456', 'ursula.blanco@example.com', '333000222', 'Úrsula', 'Administrador', '314-2233'),
('Alvarez', 'securepass789', 'victor.alvarez@example.com', '444000111', 'Víctor', 'Medico', '315-1001'),
('Beltrán', 'securepass789', 'wendy.beltran@example.com', '444000222', 'Wendy', 'Medico', '315-2002'),
('Cárdenas', 'securepass789', 'xavier.cardenas@example.com', '444000333', 'Xavier', 'Medico', '315-3003'),
('Domínguez', 'securepass789', 'yolanda.dominguez@example.com', '444000444', 'Yolanda', 'Medico', '315-4004'),
('Escobar', 'securepass789', 'zahir.escobar@example.com', '444000555', 'Zahir', 'Medico', '315-5005'),
('Figueroa', 'securepass789', 'adriana.figueroa@example.com', '444000666', 'Adriana', 'Medico', '316-6006'),
('Galvis', 'securepass789', 'bruno.galvis@example.com', '444000777', 'Bruno', 'Medico', '316-7007'),
('Hidalgo', 'securepass789', 'carla.hidalgo@example.com', '444000888', 'Carla', 'Medico', '316-8008'),
('Ibarra', 'securepass789', 'dario.ibarra@example.com', '444000999', 'Darío', 'Medico', '316-9009'),
('Jaramillo', 'securepass789', 'elisa.jaramillo@example.com', '555000111', 'Elisa', 'Medico', '317-1101'),
('Linares', 'securepass789', 'fabian.linares@example.com', '555000222', 'Fabián', 'Medico', '317-2202'),
('Maldonado', 'securepass789', 'graciela.maldonado@example.com', '555000333', 'Graciela', 'Medico', '317-3303'),
('Nieto', 'securepass789', 'hugo.nieto@example.com', '555000444', 'Hugo', 'Medico', '317-4404'),
('Ocampo', 'securepass789', 'irene.ocampo@example.com', '555000555', 'Irene', 'Medico', '317-5505'),
('Páez', 'securepass789', 'jaime.paez@example.com', '555000666', 'Jaime', 'Medico', '318-6606'),
('Quintero', 'securepass789', 'karina.quintero@example.com', '555000777', 'Karina', 'Medico', '318-7707'),
('Roldán', 'securepass789', 'leonardo.roldan@example.com', '555000888', 'Leonardo', 'Medico', '318-8808'),
('Suárez', 'securepass789', 'marcela.suarez@example.com', '555000999', 'Marcela', 'Medico', '318-9909'),
('Trujillo', 'securepass789', 'nicolas.trujillo@example.com', '666000111', 'Nicolás', 'Medico', '319-1011'),
('Uribe', 'securepass789', 'olga.uribe@example.com', '666000222', 'Olga', 'Medico', '319-2022');


INSERT INTO pacientes (
    direccion, fecha_nacimiento, historial_medico, numero_seguro,
    proxima_cita, sexo, ultima_cita, documento_identidad
) VALUES
( 'Calle Falsa 123, Ciudad X', '1990-05-10', NULL, '123456789', '2025-04-15', 'M', '2025-03-15', '123456789'),
( 'Avenida Siempre Viva 456, Ciudad Y', '1985-07-20', NULL, '987654321', '2025-04-10', 'F', '2025-02-10', '987654321'),
( 'Calle Luna 789, Ciudad Z', '1992-11-30', NULL, '112233445', '2025-04-20', 'M', '2025-01-22', '112233445'),
( 'Calle Estrella 101, Ciudad A', '1980-08-15', NULL, '223344556', '2025-05-01', 'F', '2025-03-01', '223344556'),
( 'Calle Sol 202, Ciudad B', '1975-12-05', NULL, '334455667', '2025-05-18', 'M', '2025-02-18', '334455667'),
( 'Calle Viento 303, Ciudad C', '1995-03-25', NULL, '445566778', '2025-04-25', 'F', '2025-03-10', '445566778'),
( 'Calle Mar 404, Ciudad D', '1988-09-13', NULL, '556677889', '2025-04-30', 'M', '2025-02-05', '556677889'),
( 'Calle Agua 505, Ciudad E', '2000-01-02', NULL, '667788990', '2025-05-05', 'F', '2025-01-28', '667788990'),
( 'Calle Fuego 606, Ciudad F', '1982-10-18', NULL, '778899001', '2025-04-10', 'M', '2025-03-03', '778899001'),
( 'Calle Tierra 707, Ciudad G', '1997-06-25', NULL, '889900112', '2025-05-10', 'F', '2025-03-22', '889900112'),
( 'Calle Nieve 808, Ciudad H', '1993-11-11', NULL, '990011223', '2025-04-18', 'M', '2025-02-28', '990011223'),
( 'Calle Rayo 909, Ciudad I', '1996-04-12', NULL, '101010101', '2025-04-25', 'F', '2025-03-05', '101010101'),
( 'Calle Bosque 1010, Ciudad J', '1983-02-24', NULL, '202020202', '2025-04-12', 'M', '2025-01-30', '202020202'),
( 'Calle Cielo 1120, Ciudad K', '1994-05-30', NULL, '303030303', '2025-05-01', 'F', '2025-03-12', '303030303'),
( 'Calle Lluvia 1230, Ciudad L', '1987-07-19', NULL, '404040404', '2025-04-20', 'M', '2025-02-25', '404040404'),
( 'Calle Estación 1340, Ciudad M', '1981-03-07', NULL, '505050505', '2025-05-08', 'F', '2025-03-08', '505050505'),
( 'Calle Jardín 1450, Ciudad N', '1998-10-22', NULL, '606060606', '2025-04-17', 'M', '2025-01-18', '606060606'),
( 'Calle Árbol 1560, Ciudad O', '1999-12-02', NULL, '707070707', '2025-05-12', 'F', '2025-02-15', '707070707'),
( 'Calle Primavera 1670, Ciudad P', '1989-04-05', NULL, '808080808', '2025-04-27', 'M', '2025-03-30', '808080808'),
( 'Calle Invierno 1780, Ciudad Q', '1986-08-09', NULL, '909090909', '2025-05-05', 'F', '2025-02-22', '909090909');

INSERT INTO administradores (
    area_asignada, departamento, nivel_acceso, tareas_asignadas, documento_identidad
) VALUES
( 'Gestión de Talento', 'Recursos Humanos', 3, 'Coordinar evaluaciones de desempeño', '111000111'),
( 'Infraestructura Cloud', 'Tecnología', 5, 'Administrar servicios en AWS/Azure', '111000222'),
( 'Tesorería', 'Finanzas', 4, 'Gestionar flujo de caja y pagos', '111000333'),
( 'Contratos', 'Asuntos Jurídicos', 3, 'Revisar y redactar contratos', '111000444'),
( 'Adquisiciones TI', 'Logística', 2, 'Gestionar compras de hardware y software', '111000555'),
( 'Soporte Técnico Nivel 2', 'Servicios', 3, 'Resolver incidencias técnicas complejas', '111000666'),
( 'Redes Sociales', 'Marketing', 4, 'Gestionar perfiles y contenido social', '111000777'),
( 'Oficina de Proyectos (PMO)', 'Planeación Estratégica', 5, 'Seguimiento y control de portafolio', '111000888'),
( 'Mejora Continua', 'Calidad', 3, 'Implementar metodologías Lean/Six Sigma', '111000999'),
( 'Seguridad Física', 'Operaciones', 4, 'Supervisar personal de vigilancia', '222000111'),
( 'Prensa y Medios', 'Comunicación', 2, 'Coordinar entrevistas y comunicados', '222000222'),
( 'Investigación y Desarrollo (I+D)', 'Desarrollo', 5, 'Liderar equipos de desarrollo de producto', '222000333'),
( 'Almacenamiento y Bodega', 'Distribución', 3, 'Control de inventarios y despachos', '222000444'),
( 'Desarrollo Organizacional', 'Capital Humano', 2, 'Diseñar planes de carrera y sucesión', '222000555'),
( 'Control Interno', 'Finanzas', 4, 'Evaluar riesgos y controles financieros', '222000666'),
( 'Servicios Generales', 'Infraestructura', 3, 'Administrar servicios de limpieza y cafetería', '222000777'),
( 'Desarrollo de Contenidos', 'Educación', 4, 'Crear materiales para cursos virtuales', '222000888'),
( 'Análisis de Inversiones', 'Finanzas', 5, 'Evaluar propuestas de inversión y expansión', '222000999'),
( 'Resolución de Conflictos', 'Atención al Cliente', 2, 'Mediar en disputas complejas de clientes', '333000111'),
( 'Gestión Ambiental', 'Responsabilidad Social', 3, 'Monitorear indicadores de impacto ambiental', '333000222');


INSERT INTO medicos (
    especialidad, dependencia, horario_trabajo, numero_licencia, documento_identidad
) VALUES
('Cardiología', 'Hospital Central', '08:00-16:00', 'LIC-001', '444000111'),
('Pediatría', 'Clínica Santa Rosa', '09:00-17:00', 'LIC-002', '444000222'),
('Dermatología', 'Centro Médico Norte', '10:00-18:00', 'LIC-003', '444000333'),
('Neurología', 'Hospital Universitario', '07:30-15:30', 'LIC-004', '444000444'),
('Oftalmología', 'Clínica de la Vista', '08:00-14:00', 'LIC-005', '444000555'),
('Psiquiatría', 'Instituto de Salud Mental', '11:00-19:00', 'LIC-006', '444000666'),
('Ginecología', 'Hospital de la Mujer', '08:30-16:30', 'LIC-007', '444000777'),
('Traumatología', 'Clínica Ortopédica', '12:00-20:00', 'LIC-008', '444000888'),
('Urología', 'Hospital General', '09:00-17:00', 'LIC-009', '444000999'),
('Oncología', 'Instituto Oncológico', '08:00-16:00', 'LIC-010', '555000111'),
('Endocrinología', 'Centro Metabólico', '07:00-15:00', 'LIC-011', '555000222'),
('Reumatología', 'Clínica Especializada Norte', '10:00-18:00', 'LIC-012', '555000333'),
('Neumología', 'Clínica RespiraBien', '09:30-17:30', 'LIC-013', '555000444'),
('Gastroenterología', 'Hospital Central', '08:00-14:00', 'LIC-014', '555000555'),
('Medicina Interna', 'Clínica San Rafael', '11:00-19:00', 'LIC-015', '555000666'),
('Otorrinolaringología', 'Centro Auditivo Integral', '07:00-13:00', 'LIC-016', '555000777'),
('Nefrología', 'Hospital Renal', '10:00-18:00', 'LIC-017', '555000888'),
('Cirugía General', 'Hospital Universitario', '06:00-14:00', 'LIC-018', '555000999'),
('Infectología', 'Clínica de Enfermedades Infecciosas', '09:00-17:00', 'LIC-019', '666000111'),
('Radiología', 'Centro de Imagenología', '08:00-16:00', 'LIC-020', '666000222');

INSERT INTO consultorios (numero_consultorio, id_medico) VALUES
('C-101', 1),
('C-102', 2),
('C-103', 3),
('C-104', 4),
('C-105', 5),
('C-106', 6),
('C-107', 7),
('C-108', 8),
('C-109', 9),
('C-110', 10);

-- Insertar en historia_clinica
INSERT INTO historia_clinica
(antecedentes_medicos, contacto_emergencia, fecha_creacion, numero_historia, paciente_id, telefono_emergencia, id_paciente)
VALUES
('Diabetes tipo 2', 'Laura Pérez', '2025-04-01', 1001, 201, '5551234', 1),
('Hipertensión', 'Carlos Gómez', '2025-04-03', 1002, 202, '5555678', 2),
('Asma', 'María López', '2025-04-04', 1003, 203, '5559012', 3),
('Alergia a penicilina', 'Ana Torres', '2025-04-05', 1004, 204, '5551111', 4),
('Enfermedad celíaca', 'Luis Martínez', '2025-04-05', 1005, 205, '5552222', 5),
('Migrañas crónicas', 'Esteban Ríos', '2025-04-06', 1006, 206, '5553333', 6),
('Insuficiencia renal', 'Marta Sánchez', '2025-04-06', 1007, 207, '5554444', 7),
('Artritis reumatoide', 'Tomás Díaz', '2025-04-07', 1008, 208, '5555555', 8),
('Hipotiroidismo', 'Natalia Vega', '2025-04-07', 1009, 209, '5556666', 9),
('Epilepsia', 'Ricardo Ruiz', '2025-04-08', 1010, 210, '5557777', 10),
('Depresión', 'Daniela Mora', '2025-04-08', 1011, 211, '5558888', 11),
('Colesterol alto', 'Iván Castro', '2025-04-09', 1012, 212, '5559999', 12),
('Lupus', 'Claudia León', '2025-04-09', 1013, 213, '5550001', 13),
('Asma', 'Silvia Torres', '2025-04-10', 1014, 214, '5550002', 14),
('Obesidad', 'Jorge Méndez', '2025-04-10', 1015, 215, '5550003', 15),
('Enfermedad de Crohn', 'Patricia Gil', '2025-04-11', 1016, 216, '5550004', 16),
('Esclerosis múltiple', 'Héctor Bravo', '2025-04-11', 1017, 217, '5550005', 17),
('Fibromialgia', 'Lucía Paredes', '2025-04-12', 1018, 218, '5550006', 18),
('Glaucoma', 'Manuel Vela', '2025-04-12', 1019, 219, '5550007', 19),
('Tabaquismo', 'Sofía Navarro', '2025-04-13', 1020, 220, '5550008', 20);


-- Insertar en registro_clinico (1 o 2 registros por historia)
INSERT INTO record_medico
(diagnostico, especialidad, fecha_registro, motivo_consulta, nombre_medico, record_medico, signos_vitales, numero_historia)
VALUES
('Hiperglucemia', 'Endocrinología', '2025-04-01', 'Control rutinario', 'Dr. Ramírez', 'Paciente estable, seguimiento en 3 meses', 'TA: 130/85, FC: 78', 1),
('Revisión anual', 'Medicina General', '2025-04-02', 'Chequeo general', 'Dra. Salazar', 'Sin novedades importantes', 'TA: 120/80, FC: 72', 1),
('Presión alta persistente', 'Cardiología', '2025-04-03', 'Dolor de cabeza frecuente', 'Dr. Herrera', 'Ajuste de medicación', 'TA: 150/95, FC: 88', 2),
('Crisis asmática leve', 'Neumología', '2025-04-04', 'Dificultad para respirar', 'Dra. Morales', 'Se ajusta broncodilatador', 'TA: 118/76, FC: 90', 3),
('Chequeo post-crisis', 'Neumología', '2025-04-06', 'Seguimiento de crisis previa', 'Dr. Ortega', 'Paciente responde bien al tratamiento', 'TA: 117/75, FC: 80', 3),
('Reacción alérgica leve', 'Alergología', '2025-04-05', 'Erupción en la piel', 'Dra. Torres', 'Tratamiento con antihistamínicos', 'TA: 110/70, FC: 75', 4),
('Dieta sin gluten', 'Gastroenterología', '2025-04-06', 'Malestar abdominal', 'Dr. Cano', 'Recomendación de seguimiento nutricional', 'TA: 115/78, FC: 73', 4),
('Dolor de cabeza severo', 'Neurología', '2025-04-07', 'Crisis de migraña', 'Dr. Suárez', 'Cambio de tratamiento', 'TA: 125/80, FC: 85', 6),
('Evaluación de función renal', 'Nefrología', '2025-04-08', 'Seguimiento', 'Dra. Rivas', 'Se programan nuevos análisis', 'TA: 128/84, FC: 82', 7),
('Dolor articular', 'Reumatología', '2025-04-09', 'Molestias en las manos', 'Dr. Acosta', 'Se inicia tratamiento con AINEs', 'TA: 122/79, FC: 76', 7),
('Examen tiroideo', 'Endocrinología', '2025-04-10', 'Fatiga', 'Dra. Linares', 'Niveles de TSH elevados', 'TA: 119/77, FC: 74', 8),
('Control de crisis', 'Neurología', '2025-04-11', 'Convulsión reciente', 'Dr. Muñoz', 'Revisión de medicamentos', 'TA: 124/82, FC: 87', 9),
('Seguimiento emocional', 'Psicología', '2025-04-12', 'Síntomas depresivos', 'Lic. Castro', 'Inicio de psicoterapia', 'TA: 116/78, FC: 70', 9),
('Chequeo lipídico', 'Medicina Interna', '2025-04-13', 'Colesterol alto', 'Dra. Fabián', 'Dieta recomendada, control en 3 meses', 'TA: 121/79, FC: 71', 10),
('Control de lupus', 'Reumatología', '2025-04-14', 'Dolor generalizado', 'Dr. Ibáñez', 'Paciente con brote leve', 'TA: 117/76, FC: 79', 11),
('Revisión respiratoria', 'Neumología', '2025-04-15', 'Tos persistente', 'Dra. Silva', 'Broncodilatador recetado', 'TA: 118/78, FC: 80', 11),
('Evaluación de peso', 'Nutrición', '2025-04-15', 'Obesidad grado 1', 'Lic. Ortega', 'Plan nutricional entregado', 'TA: 130/85, FC: 88', 13),
('Evaluación digestiva', 'Gastroenterología', '2025-04-16', 'Dolor abdominal crónico', 'Dr. García', 'Tratamiento con mesalazina', 'TA: 119/76, FC: 82', 14),
('Evaluación neurológica', 'Neurología', '2025-04-16', 'Debilidad muscular', 'Dra. Zamora', 'Solicita resonancia', 'TA: 122/80, FC: 78', 14),
('Dolor muscular general', 'Reumatología', '2025-04-17', 'Dolor crónico', 'Dr. Molina', 'Recomienda actividad física ligera', 'TA: 121/81, FC: 75', 15),
('Evaluación oftalmológica', 'Oftalmología', '2025-04-18', 'Pérdida de visión periférica', 'Dra. Quintero', 'Inicio de tratamiento', 'TA: 117/74, FC: 76', 16),
('Consejería para dejar de fumar', 'Medicina General', '2025-04-18', 'Tabaquismo', 'Dr. Villalobos', 'Paciente motivado, se agenda seguimiento', 'TA: 115/75, FC: 72', 17);


INSERT INTO agendas (estado_dia, fecha_cita) VALUES
('día hábil', '2025-04-21'),
('día hábil', '2025-04-22'),
('día hábil', '2025-04-23'),
('día hábil', '2025-04-24'),
('día hábil', '2025-04-25'),
('sábado', '2025-04-26'),
('domingo', '2025-04-27'),
('día hábil', '2025-04-28'),
('festivo', '2025-05-01'),
('día hábil', '2025-05-02'),
('sábado', '2025-05-03'),
('domingo', '2025-05-04'),
('día hábil', '2025-05-05'),
('día hábil', '2025-05-06'),
('festivo', '2025-05-07'),
('día hábil', '2025-05-08'),
('sábado', '2025-05-10'),
('domingo', '2025-05-11'),
('día hábil', '2025-05-12'),
('festivo', '2025-05-20');


INSERT INTO detalle_agenda (disponibilidad, hora_fin, hora_inicio, id_agenda, id_consultorio, id_paciente) VALUES
('Disponible', '08:30:00', '08:00:00', 1, 1, 1),
('Ocupado', '09:00:00', '08:30:00', 1, 2, 2),
('Disponible', '09:30:00', '09:00:00', 1, 3, 3),
('Ocupado', '10:00:00', '09:30:00', 2, 1, 4),
('Disponible', '10:30:00', '10:00:00', 2, 2, 5),
('Ocupado', '11:00:00', '10:30:00', 2, 3, 6),
('Disponible', '11:30:00', '11:00:00', 3, 1, 7),
('Ocupado', '12:00:00', '11:30:00', 3, 2, 8),
('Disponible', '12:30:00', '12:00:00', 3, 3, 9),
('Ocupado', '13:00:00', '12:30:00', 4, 1, 10),
('Disponible', '13:30:00', '13:00:00', 4, 2, 11),
('Ocupado', '14:00:00', '13:30:00', 4, 3, 12),
('Disponible', '14:30:00', '14:00:00', 5, 1, 13),
('Ocupado', '15:00:00', '14:30:00', 5, 2, 14),
('Disponible', '15:30:00', '15:00:00', 5, 3, 15),
('Ocupado', '16:00:00', '15:30:00', 6, 1, 16),
('Disponible', '16:30:00', '16:00:00', 6, 2, 17),
('Ocupado', '17:00:00', '16:30:00', 6, 3, 18),
('Disponible', '17:30:00', '17:00:00', 7, 1, 19),
('Ocupado', '18:00:00', '17:30:00', 7, 2, 20);






